,0
26 cu. ft. 3-Door French Door Smart Refrigerator with InstaView Door-in-Door in Stainless Steel,"$
1,998
00"
28.2 cu. ft. French Door Refrigerator in Stainless Steel,"$
1,298
00"
Profile 27.9 cu. ft. Smart 4-Door French Door Refrigerator with Door in Door in Fingerprint Resistant Stainless Steel,"$
2,798
00"
"500 Series 36 in. 21.6 cu. ft. French Door Refrigerator in Stainless Steel with Fastest Ice Maker, Counter Depth","$
2,699
00"
27.8 cu. ft. Food Showcase 4-Door French Door Refrigerator in Fingerprint Resistant Black Stainless,"$
2,198
00"
